steering_fraction,eval/loss
0.0001,6.9766411781311035
0.0002,6.966243267059326
0.0004,6.939398288726807
0.0008,6.893338680267334
0.0016,6.773199558258057
0.0032,6.5755133628845215
0.0064,5.948002338409424
0.0128,4.851532459259033
0.0256,3.589433431625366
0.0512,2.888312816619873
0.1,2.782832145690918
